,0
d.cd_ibge,0
d.cod_familiar_fam,0
d.dat_cadastramento_fam,0
d.dat_atual_fam,0
d.cod_est_cadastral_fam,0
d.cod_forma_coleta_fam,0
d.dta_entrevista_fam,1
bairro_raw,0
d.nom_tip_logradouro_fam,0
d.nom_titulo_logradouro_fam,3995
d.nom_logradouro_fam,0
d.num_logradouro_fam,692
d.des_complemento_fam,3320
d.des_complemento_adic_fam,2201
d.num_cep_logradouro_fam,0
d.cod_unidade_territorial_fam,30
d.nom_unidade_territorial_fam,30
d.txt_referencia_local_fam,13
d.nom_entrevistador_fam,1
d.num_cpf_entrevistador_fam,1
d.vlr_renda_media_fam,0
d.fx_rfpc,0
income_total,1
is_pbf,0
d.qtde_meses_desat_cat,0
d.cod_local_domic_fam,81
d.cod_especie_domic_fam,81
d.qtd_comodos_domic_fam,113
n_bedrooms,113
d.cod_material_piso_fam,113
d.cod_material_domic_fam,113
water_code,113
d.cod_abaste_agua_domic_fam,113
bathroom_code,113
d.cod_escoa_sanitario_domic_fam,123
waste_code,113
lighting_code,113
d.cod_calcamento_domic_fam,113
indigenous_code,0
d.cod_povo_indigena_fam,4325
d.nom_povo_indigena_fam,4325
d.cod_indigena_reside_fam,4325
d.cod_reserva_indigena_fam,4329
d.nom_reserva_indigena_fam,4329
d.ind_familia_quilombola_fam,0
d.cod_comunidade_quilombola_fam,4329
d.nom_comunidade_quilombola_fam,4329
n_people,95
n_families_sharing,95
d.qtd_pessoa_inter_0_17_anos_fam,1203
d.qtd_pessoa_inter_18_64_anos_fam,1195
d.qtd_pessoa_inter_65_anos_fam,1203
exp_energy,157
exp_water_sewage,394
exp_gas,90
exp_food,62
exp_transport,953
exp_rent,546
exp_meds,819
d.nom_estab_assist_saude_fam,18
d.cod_eas_fam,18
d.nom_centro_assist_fam,625
d.cod_centro_assist_fam,625
d.ind_risco_scl_vlco_drts,4314
d.ind_risco_scl_inseg_alim,4142
d.num_ddd_contato_1_fam,63
d.num_tel_contato_1_fam,5
d.ic_tipo_contato_1_fam,1
d.ic_envo_sms_contato_1_fam,60
d.num_tel_contato_2_fam,2573
d.num_ddd_contato_2_fam,2573
d.ic_tipo_contato_2_fam,1
d.ic_envo_sms_contato_2_fam,658
d.cod_cta_energ_unid_consum_fam,1411
d.ind_parc_mds_fam,0
d.ref_cad,0
d.ref_pbf,3124
income_pc,96
is_extreme_poor,0
crowding,113
is_high_crowding,0
food_share,480
is_high_food_burden,0
med_share,1145
ivd_sum,0
ivd_mean,0
bairro_norm,0
