,0
d.cod_centro_assist_fam,307
d.cod_forma_coleta_fam,271
d.cod_familiar_fam,265
d.num_ddd_contato_1_fam,240
ivd_mean,203
ivd_sum,203
d.num_tel_contato_1_fam,188
d.num_cpf_entrevistador_fam,182
d.cod_material_piso_fam,169
n_families_sharing,98
exp_food,81
exp_transport,77
d.num_logradouro_fam,74
d.num_ddd_contato_2_fam,74
d.cod_escoa_sanitario_domic_fam,70
income_total,63
income_pc,60
exp_meds,60
exp_energy,59
d.vlr_renda_media_fam,58
n_bedrooms,53
d.ind_parc_mds_fam,49
exp_water_sewage,42
food_share,41
crowding,33
d.cod_especie_domic_fam,32
med_share,29
d.qtd_comodos_domic_fam,28
d.cod_material_domic_fam,22
exp_rent,17
waste_code,14
lighting_code,14
n_people,14
exp_gas,14
d.qtd_pessoa_inter_18_64_anos_fam,13
water_code,10
bathroom_code,10
d.ind_risco_scl_inseg_alim,5
indigenous_code,4
d.num_tel_contato_2_fam,3
d.cod_abaste_agua_domic_fam,2
d.cod_est_cadastral_fam,1
d.qtd_pessoa_inter_65_anos_fam,1
d.num_cep_logradouro_fam,0
d.cod_unidade_territorial_fam,0
d.cd_ibge,0
d.cod_reserva_indigena_fam,0
d.cod_indigena_reside_fam,0
d.cod_povo_indigena_fam,0
d.cod_calcamento_domic_fam,0
d.fx_rfpc,0
is_pbf,0
d.qtde_meses_desat_cat,0
d.cod_local_domic_fam,0
d.nom_comunidade_quilombola_fam,0
d.cod_comunidade_quilombola_fam,0
d.ind_familia_quilombola_fam,0
d.nom_reserva_indigena_fam,0
d.qtd_pessoa_inter_0_17_anos_fam,0
d.ind_risco_scl_vlco_drts,0
d.cod_eas_fam,0
d.ref_pbf,0
